area,sales_amount,success_rate (%)
Games,"14,062,475.75",71.3605823068309
HR,"13,444,401.07",70.64905814905815
Finance,"13,104,726.63",72.10884353741497
Marketing,"12,998,781.89",70.14819326025173
IT,"12,525,434.31",71.964461994077
