area,sales_amount,success_rate (%)
Games,1.406247575E7,71.36
HR,1.344440107E7,70.65
Finance,1.310472663E7,72.11
Marketing,1.299878189E7,70.15
IT,1.252543431E7,71.96
